School,ID,Diploma_Honors,Diploma_Core40,Diploma_General,Waiver_Yes,Waiver_No,AP_Passed,AP_NotPassed,AP_NotTaken,DualCredit_Yes,DualCredit_No,21Century_Yes,21Century_No,LunchFR_Yes,LunchFR_No,Race_White,Race_Black,Race_Hispanic,Race_Asian,Race_Other,year,Year
21stCenturyCharterSchoolofGary,4164,0,33,0,0,33,0,6,27,22,11,,20,27,6,0,33,0,0,0,2014,2014
AcademyforInnovativeStudies,8270,0,11,58,24,45,0,0,69,13,56,3,66,46,23,44,17,2,0,6,2014,2014
AchieveVirtualEducationAcademy,5288,3,16,4,3,20,0,0,23,3,20,4,19,0,23,22,1,0,0,0,2014,2014
AdamsCentralHighSchool,0021,48,50,8,3,103,10,35,61,74,32,,89,15,91,104,0,2,0,0,2014,2014
AdamsHighSchool,7505,91,158,43,32,260,4,2,286,77,215,,243,130,162,149,83,25,11,24,2014,2014
AlexandriaMonroeHighSchool,5041,42,44,10,6,90,10,38,48,48,48,,80,33,63,91,0,3,0,2,2014,2014
AndersonChristianSchool,C250,***,***,***,***,***,***,***,***,***,***,,***,***,***,***,***,***,***,***,2014,2014
AndersonHighSchool,4945,81,181,109,62,309,14,59,298,126,245,,288,232,139,240,75,29,5,22,2014,2014
AndersonPreparatoryAcademy,5092,16,41,0,3,54,1,7,49,24,33,,39,24,33,38,11,6,0,2,2014,2014
AndreanHighSchool,B760,83,59,1,0,143,19,14,110,67,76,,131,0,143,90,21,23,8,1,2014,2014
AngolaHighSchool,7893,64,87,44,21,174,36,29,130,76,119,,164,49,146,179,1,10,0,5,2014,2014
ArgosCommJrSrHighSchool,5937,18,33,7,1,57,10,15,33,25,33,,48,22,36,55,0,3,0,0,2014,2014
ArlingtonCommunityHighSchool,5465,2,20,0,0,22,0,0,22,1,21,5,20,20,2,2,20,0,0,0,2014,2014
ArsenalTechnicalHighSchool,5469,40,239,39,23,295,19,40,259,76,242,,226,264,54,53,192,56,2,15,2014,2014
AtticaHighSchool,2053,18,27,13,7,51,8,11,39,31,27,,46,25,33,54,0,2,0,2,2014,2014
AustinHighSchool,7629,27,38,14,12,67,0,3,76,48,31,,60,41,38,76,0,2,0,1,2014,2014
AvonHighSchool,2737,318,305,15,34,604,181,44,413,328,310,,604,118,520,493,60,38,26,21,2014,2014
BarrReeveMiddleHighSchool,1069,27,21,11,2,57,3,4,52,21,38,,49,7,52,59,0,0,0,0,2014,2014
BatesvilleHighSchool,7217,88,51,29,6,162,7,7,154,145,23,,156,18,150,163,0,2,1,2,2014,2014
BeaconAcademy,8411,***,***,***,***,***,***,***,***,***,***,,***,***,***,***,***,***,***,***,2014,2014
BedfordNorthLawrenceHighSchool,4911,117,97,108,11,311,11,53,258,99,223,,261,103,219,315,1,2,1,3,2014,2014
BeechGroveSrHighSchool,5449,39,100,25,17,147,28,30,106,66,98,,140,79,85,135,12,8,0,9,2014,2014
BellmontSeniorHighSchool,0029,80,50,43,13,160,11,11,151,120,53,,139,46,127,147,2,18,1,5,2014,2014
BenDavisHighSchool,5213,247,474,103,125,699,70,143,611,440,384,,606,529,295,314,325,128,8,49,2014,2014
BenDavisUniversityHighSchool,5447,37,70,0,7,100,0,0,107,103,4,,55,65,42,47,34,16,2,8,2014,2014
BenjaminBosseHighSchool,8237,30,106,20,21,135,2,13,141,81,75,,119,100,56,79,52,2,0,23,2014,2014
BentonCentralJrSrHighSchool,0445,43,60,21,2,122,11,32,81,88,36,,94,40,84,116,1,5,2,0,2014,2014
BethanyChristianSch,B015,17,18,0,0,35,19,2,14,1,34,,30,4,31,26,0,1,6,2,2014,2014
BethesdaChristianSchool,B290,10,11,1,1,21,3,7,12,0,22,,22,0,22,21,0,1,0,0,2014,2014
BishopChatardHighSchool,C705,107,45,3,4,151,52,44,59,106,49,,151,9,146,138,9,1,3,4,2014,2014
BishopDwengerHighSchool,A120,134,99,4,2,235,86,22,129,135,102,,207,31,206,215,2,12,3,5,2014,2014
BishopLuersHighSchool,A125,48,64,1,2,111,32,14,67,60,53,,100,21,92,95,6,6,2,4,2014,2014
BishopNollInstitute,B970,43,65,0,2,106,8,24,76,54,54,,93,27,81,37,29,35,2,5,2014,2014
BlackfordHighSchool,0489,43,46,34,7,116,0,20,103,70,53,,94,45,78,119,,0,0,4,2014,2014
BlackhawkChristianMdlHighSch,A170,28,36,3,2,65,7,13,47,5,62,,59,3,64,60,,3,3,1,2014,2014
BloomfieldJrSrHighSchool,2419,24,38,3,1,64,2,9,54,53,12,,55,13,52,59,0,2,1,3,2014,2014
BloomingtonGraduationSchool,6220,1,3,9,3,10,0,0,13,8,5,1,6,10,3,10,2,0,0,1,2014,2014
BloomingtonHighSchoolNorth,6168,145,121,55,13,308,66,16,239,223,98,,283,76,245,260,8,16,11,26,2014,2014
BloomingtonHighSchoolSouth,6166,227,116,55,29,369,86,45,267,237,161,,332,84,314,324,10,8,22,34,2014,2014
BlueRiverValleyJrSrHighSchool,2801,12,24,2,3,35,0,7,31,21,17,,32,8,30,37,0,1,0,0,2014,2014
BlufftonHighSchool,9089,25,51,16,6,86,1,0,91,46,46,,78,40,52,82,0,9,0,1,2014,2014
BookerTWashingtonAltSch,8611,0,7,10,4,13,0,0,17,5,12,1,17,14,3,14,0,1,0,2,2014,2014
BooneGroveHighSchool,6838,31,74,22,6,121,2,7,118,62,65,,116,19,108,118,1,7,0,1,2014,2014
BoonvilleHighSchool,8789,36,91,57,21,163,5,22,157,83,101,,161,60,124,177,0,1,1,5,2014,2014
BrebeufJesuitPreparatorySchool,C360,149,35,0,0,184,115,26,43,24,160,,178,0,184,152,16,4,3,9,2014,2014
BremenSeniorHighSchool,5941,31,69,15,0,115,6,8,101,62,53,,98,26,89,97,0,15,1,2,2014,2014
BroadRippleMagnetHighSchoolforPrfmArts,5477,30,65,1,2,94,9,35,52,15,81,,42,84,12,13,70,10,1,2,2014,2014
BrownCountyHighSchool,0573,42,73,47,6,156,22,13,127,101,61,,119,55,107,154,1,0,2,5,2014,2014
BrownsburgHighSchool,2709,327,204,7,15,523,150,74,314,369,169,,487,82,456,459,32,25,6,16,2014,2014
BrownstownCentralHighSchool,3126,49,49,21,6,113,11,19,89,99,20,,90,28,91,115,0,3,0,1,2014,2014
BurrisLaboratorySchool,1441,23,19,2,0,44,10,19,15,4,40,,32,10,34,39,2,0,1,2,2014,2014
CalumetChristianSchool,B815,***,***,***,***,***,***,***,***,***,***,,***,***,***,***,***,***,***,***,2014,2014
CalumetNewTechHighSchool,3869,11,138,1,37,113,1,23,126,38,112,,104,116,34,69,41,34,1,5,2014,2014
CalvaryChristianSchool,C580,***,***,***,***,***,***,***,***,***,***,,***,***,***,***,***,***,***,***,2014,2014
CanneltonElemHighSchool,6733,5,8,2,2,13,0,0,15,11,4,7,8,11,4,14,1,0,0,0,2014,2014
CardinalRitterHighSchool,C715,62,58,6,5,121,32,29,65,64,62,,109,38,88,69,24,21,3,9,2014,2014
CareerAcademyHighSchool,7564,2,14,1,2,15,0,0,17,10,7,1,15,8,9,10,5,1,0,1,2014,2014
CarmelHighSchool,2505,606,466,53,15,"1,110",332,36,757,817,308,,"1,084",95,"1,030",898,40,25,118,44,2014,2014
CarrollHighSchool,0091,205,223,73,7,494,129,29,343,278,223,,468,59,442,440,7,17,12,25,2014,2014
CarrollSeniorHighSchool,0621,29,36,17,0,82,13,5,64,66,16,,70,28,54,76,0,3,0,3,2014,2014
CascadeSeniorHighSchool,2692,56,54,11,8,113,10,3,108,95,26,,100,31,90,117,1,0,2,1,2014,2014
CastleHighSchool,8809,170,214,60,39,405,46,36,362,233,211,,423,77,367,392,4,17,14,17,2014,2014
CastonJrSrHighSchool,2159,14,19,24,16,41,2,4,51,31,26,,44,20,37,53,0,3,0,1,2014,2014
CathedralHighSchool,C700,140,148,0,0,288,125,65,98,34,254,,272,0,288,240,21,9,7,11,2014,2014
CenterGroveHighSchool,3437,231,257,49,18,519,123,79,335,369,168,,506,59,478,499,6,16,12,4,2014,2014
CentervilleSrHighSchool,8981,32,57,22,8,103,17,2,92,73,38,,88,27,84,104,1,4,0,2,2014,2014
CentralCatholicJrSrHighSch,D415,43,15,0,0,58,12,4,42,39,19,,56,4,54,57,0,0,0,1,2014,2014
CentralChristianAcademy,C575,3,12,0,0,15,1,10,4,0,15,7,15,4,11,12,2,1,0,0,2014,2014
CentralHighSchool,8241,90,99,79,25,243,27,18,223,165,103,,219,108,160,221,27,3,2,15,2014,2014
CentralNobleJuniorSeniorHS,6453,15,46,31,26,66,4,16,72,45,47,,70,25,67,89,0,1,0,2,2014,2014
CharlesATindleyAcceleratedSch,6208,17,12,0,0,29,0,0,29,0,29,,18,18,11,0,29,0,0,0,2014,2014
CharlestownSeniorHighSchool,0821,47,73,33,9,144,13,24,116,87,66,,134,61,92,134,1,12,0,6,2014,2014
ChestertonSeniorHighSchool,6925,170,274,41,16,469,66,20,399,264,221,,444,84,401,423,7,39,8,8,2014,2014
ChristelHouseAcademySouth,5874,9,12,0,0,21,0,0,21,11,10,,15,20,1,6,1,12,0,2,2014,2014
ChristelHouseDORSSouth,5532,0,12,0,2,10,0,0,12,1,11,2,12,8,4,10,0,1,0,1,2014,2014
ChristianAcademyofIndiana,B045,16,18,1,1,34,9,3,23,21,14,,35,0,35,30,1,1,2,1,2014,2014
ChristianAcademyofMadison,B493,***,***,***,***,***,***,***,***,***,***,,***,***,***,***,***,***,***,***,2014,2014
ChurubuscoJrSrHighSchool,9193,17,62,15,7,87,6,7,81,26,68,,89,19,75,90,0,1,1,2,2014,2014
ClarksvilleSeniorHighSchool,0833,15,59,10,4,80,1,3,80,48,36,,72,44,40,69,1,6,0,8,2014,2014
ClayCityJrSrHighSchool,0897,15,34,6,3,52,0,11,44,38,17,,43,16,39,53,0,1,1,0,2014,2014
ClayHighSchool,7421,52,137,61,27,223,12,29,209,126,124,,218,106,144,144,66,18,2,20,2014,2014
ClintonCentralJuniorSeniorHighSchool,0957,29,33,22,6,78,2,14,68,51,33,,68,24,60,81,0,2,0,1,2014,2014
ClintonChristianSchool,A875,8,1,2,2,9,0,0,11,1,10,6,11,0,11,11,0,0,0,0,2014,2014
ClintonPrairieJrSrHighSchool,0977,15,35,13,0,63,3,15,45,33,30,,58,17,46,60,0,1,0,2,2014,2014
CloverdaleHighSchool,7077,25,45,11,6,75,4,13,64,39,42,,57,40,41,77,0,1,1,2,2014,2014
ColonialChristianSchool,C495,1,0,11,11,1,0,0,12,0,12,1,12,0,12,12,0,0,0,0,2014,2014
ColumbiaCityHighSchool,9187,109,110,37,6,250,22,15,219,136,120,,215,56,200,241,1,6,1,7,2014,2014
ColumbusChristianSchoolInc,A450,***,***,***,***,***,***,***,***,***,***,,***,***,***,***,***,***,***,***,2014,2014
ColumbusEastHighSchool,0399,179,150,17,31,315,59,40,247,260,86,,309,63,283,298,7,15,8,18,2014,2014
ColumbusNorthHighSchool,0397,196,222,13,40,391,93,39,299,382,49,,391,103,328,362,4,27,20,18,2014,2014
CommunityMontessori,1536,5,19,1,8,17,0,0,25,11,14,4,25,2,23,23,0,0,0,2,2014,2014
CommunityYouthServices,9056,***,***,***,***,***,***,***,***,***,***,,***,***,***,***,***,***,***,***,2014,2014
ConcordCommunityHighSchool,1715,98,177,53,26,302,48,53,227,69,259,,287,134,194,205,29,66,0,28,2014,2014
ConcordiaLutheranHighSchool,A195,85,57,2,2,142,52,30,62,49,95,,131,18,126,118,13,1,2,10,2014,2014
ConnersvilleSrHighSchool,1889,73,116,43,11,221,1,18,213,150,82,,125,110,122,220,3,1,1,7,2014,2014
CorydonCentralHighSchool,2640,55,87,40,23,159,15,38,129,105,77,,155,65,117,167,0,4,1,10,2014,2014
CovenantChristianHighSchool,B469,12,13,2,0,27,0,0,27,20,7,0,22,4,23,26,0,0,0,1,2014,2014
CovenantChristianHighSchool,C527,36,27,2,0,65,23,4,38,38,27,,62,7,58,55,2,2,6,0,2014,2014
CovingtonCommunityHighSchool,2005,9,41,6,2,54,3,1,52,38,18,,46,15,41,55,0,1,0,0,2014,2014
CowanHighSchool,1386,9,32,7,4,44,3,0,45,23,25,,39,12,36,47,0,0,0,1,2014,2014
CrawfordCountyJrSrHighSchool,1059,21,68,5,2,92,17,18,59,65,29,,68,54,40,91,0,1,0,2,2014,2014
CrawfordsvilleSrHighSchool,6277,53,61,42,22,134,21,31,104,94,62,,120,58,98,136,4,9,2,5,2014,2014
CrispusAttucksMedicalMagnetHighSchool,5473,38,39,0,2,75,0,58,19,29,48,,41,55,22,4,55,13,0,5,2014,2014
CrossingEducationalCenter,B009,***,***,***,***,***,***,***,***,***,***,,***,***,***,***,***,***,***,***,2014,2014
CrothersvilleJrSrHighSchool,3121,17,20,0,2,35,0,0,37,36,1,,26,10,27,37,0,0,0,0,2014,2014
CrownPointHighSchool,3901,266,347,30,42,601,160,58,425,463,180,,608,98,545,542,6,69,11,15,2014,2014
CulverCommunityHighSchool,5245,9,28,13,3,47,0,5,45,36,14,,32,25,25,43,3,1,0,3,2014,2014
DalevilleJrSrHighSchool,1401,19,40,2,2,59,2,9,50,31,30,,46,21,40,59,0,1,1,0,2014,2014
DanvilleCommunityHighSchool,2741,82,74,39,2,193,15,11,169,168,27,,179,34,161,180,0,8,2,5,2014,2014
DecaturCentralHighSchool,5177,69,227,69,40,325,25,29,311,163,202,,317,190,175,287,44,26,1,7,2014,2014
DecaturTownshipSchoolforExcellence,5188,9,14,3,0,26,3,0,23,15,11,,24,9,17,23,1,0,0,2,2014,2014
DeKalbHighSchool,1345,71,160,46,16,261,52,13,212,152,125,,238,71,206,265,0,5,1,6,2014,2014
DelphiCommunityHighSchool,0637,54,55,10,9,110,1,30,88,88,31,,96,46,73,111,1,4,0,3,2014,2014
DeltaHighSchool,1369,66,71,49,7,179,0,0,186,139,47,,148,59,127,175,3,4,1,3,2014,2014
DonaldEGavitMiddleHighSchool,4413,41,106,5,17,135,16,46,90,41,111,,118,108,44,41,56,47,0,8,2014,2014
EastCentralHighSchool,7213,149,114,63,17,309,54,19,253,219,107,,301,46,280,320,0,4,0,2,2014,2014
EastChicagoCentralHighSchool,3924,35,156,36,15,212,14,42,171,106,121,,162,193,34,0,100,127,0,0,2014,2014
EastNobleHighSchool,6458,121,156,36,41,272,47,54,212,162,151,,239,102,211,294,2,13,2,2,2014,2014
EastbrookHighSchool,2293,37,80,9,8,118,17,21,88,66,60,,86,31,95,122,2,0,0,2,2014,2014
EasternGreeneHighSchool,2435,20,56,20,17,79,5,1,90,64,32,,65,30,66,94,0,0,2,0,2014,2014
EasternHancockHighSchool,2585,38,34,13,0,85,8,7,70,48,37,,67,20,65,82,0,2,0,1,2014,2014
EasternHighSchool,8905,38,60,19,17,100,2,5,110,74,43,,92,56,61,114,0,0,1,2,2014,2014
EasternHighSchool,2919,54,44,18,3,113,14,23,79,71,45,,104,27,89,107,0,4,1,4,2014,2014
EastsideJuniorSeniorHighSchool,1317,28,54,29,9,102,0,0,111,59,52,,94,46,65,101,4,3,0,3,2014,2014
EdgewoodHighSchool,6146,62,64,27,4,149,5,5,143,102,51,,108,34,119,137,3,6,1,6,2014,2014
EdinburghCommunityHighSchool,3447,17,28,10,1,54,1,12,42,34,21,,44,30,25,54,0,0,0,1,2014,2014
ElkhartCentralHighSchool,1749,72,190,75,23,314,62,60,215,148,189,,274,192,145,170,37,101,3,26,2014,2014
ElkhartChristianAcademy,A990,20,23,1,0,44,7,1,36,4,40,,36,0,44,38,0,2,2,2,2014,2014
ElkhartMemorialHighSchool,1750,70,214,43,25,302,33,57,237,144,183,,283,164,163,198,25,72,2,30,2014,2014
ElwoodJrSrHighSchool,5149,26,44,28,17,81,2,8,88,63,35,,74,38,60,89,0,6,0,3,2014,2014
EmanSchools,B160,***,***,***,***,***,***,***,***,***,***,,***,***,***,***,***,***,***,***,2014,2014
EminenceJrSrHighSchool,6325,6,17,15,3,35,1,7,30,12,26,7,32,11,27,38,0,0,0,0,2014,2014
EmmerichManualHighSchool,5481,4,63,12,6,73,1,12,66,5,74,4,63,65,14,41,15,20,0,3,2014,2014
EvansvilleDaySchool,D525,7,4,0,0,11,8,0,3,1,10,,9,0,11,10,0,0,1,0,2014,2014
ExcelCenterForAdultLearners,5669,0,185,19,22,182,0,0,204,48,156,,194,147,57,41,134,22,1,6,2014,2014
FairfieldJrSrHighSchool,1613,61,69,16,1,145,52,19,75,63,83,,114,24,122,135,0,7,1,3,2014,2014
FaithChristianSchool,D452,22,22,1,0,45,26,5,14,13,32,,41,0,45,35,1,1,5,3,2014,2014
FallCreekAcademy,5870,0,12,0,2,10,0,0,12,6,6,1,12,10,2,0,12,0,0,0,2014,2014
FishersChristianAcademy,B161,***,***,***,***,***,***,***,***,***,***,,***,***,***,***,***,***,***,***,2014,2014
FishersHighSchool,2487,264,243,24,12,519,162,62,307,156,375,,501,72,459,417,43,25,30,16,2014,2014
FloydCentralHighSchool,1930,170,166,70,19,387,132,55,219,308,98,,388,45,361,386,1,5,8,6,2014,2014
ForestParkJrSrHighSchool,1583,65,35,23,3,120,8,20,95,72,51,,99,17,106,123,0,0,0,0,2014,2014
FountainCentralHighSchool,2022,31,58,12,21,80,3,15,83,44,57,,84,40,61,92,0,4,1,4,2014,2014
FrancisJosephReitzHighSchool,8245,96,184,44,30,294,14,28,282,212,112,,278,118,206,287,19,1,5,12,2014,2014
FrankfortSeniorHighSchool,0997,41,118,29,22,166,5,32,151,95,93,,151,85,103,116,1,65,1,5,2014,2014
FranklinCentralHighSchool,5193,190,338,34,38,524,143,124,295,176,386,,481,154,408,441,33,37,23,28,2014,2014
FranklinCommunityHighSchool,3445,123,149,81,31,322,50,48,255,197,156,,310,76,277,334,4,7,1,7,2014,2014
FranklinCountyHighSchool,2083,65,94,38,23,174,6,21,170,95,102,,170,81,116,194,0,0,0,3,2014,2014
FranktonJrSrHighSchool,5005,29,59,32,19,101,3,16,101,38,82,,104,37,83,112,1,2,0,5,2014,2014
FremontHighSchool,7877,43,32,11,3,83,0,0,86,53,33,,73,25,61,79,0,2,2,3,2014,2014
FrontierJrSrHighSchool,9137,18,26,11,5,50,3,9,43,34,21,,50,13,42,55,0,0,0,0,2014,2014
GarrettHighSchool,1325,42,76,20,4,134,14,21,103,77,61,,107,54,84,122,2,2,2,10,2014,2014
GaryLighthouseCharterSchool,4130,0,79,0,16,63,0,7,72,0,79,,59,49,30,0,76,2,0,1,2014,2014
GaryMiddleCollege,4027,0,27,0,0,27,0,0,27,1,26,0,24,8,19,1,26,0,0,0,2014,2014
GatewayWoodsSchool,A352,***,***,***,***,***,***,***,***,***,***,,***,***,***,***,***,***,***,***,2014,2014
GeorgeRogersClarkMiddleHighSchool,4411,34,139,13,23,163,10,28,148,60,126,,157,145,41,29,24,127,2,4,2014,2014
GeorgeWashingtonCommunityHighSchool,5643,8,62,10,13,67,4,0,76,50,30,,57,66,14,23,23,28,0,6,2014,2014
GibsonSouthernHighSchool,2211,60,64,32,4,152,8,2,146,76,80,,143,17,139,151,0,2,1,2,2014,2014
GoshenHighSchool,1821,96,191,66,20,333,10,14,329,165,188,,287,210,143,176,7,157,6,7,2014,2014
GrangerChristianSchool,D310,6,0,6,0,12,1,0,11,0,12,5,12,0,12,11,0,0,0,1,2014,2014
GreencastleSeniorHighSch,7089,34,72,14,4,116,20,22,78,60,60,,99,37,83,112,1,5,1,1,2014,2014
GreenfieldCentralHighSchool,2595,146,134,37,14,303,37,73,207,180,137,,269,66,251,303,1,5,2,6,2014,2014
GreensburgCommunityHighSchool,1268,48,54,19,6,115,10,37,74,93,28,,86,42,79,118,0,2,0,1,2014,2014
GreenwoodChristianAcademy,C966,24,18,1,0,43,2,3,38,25,18,,43,0,43,40,0,1,2,0,2014,2014
GreenwoodCommunityHighSchool,3473,72,136,21,3,226,2,0,227,129,100,,208,60,169,208,3,8,3,7,2014,2014
GriffithSeniorHighSchool,4173,42,113,31,11,175,12,26,148,75,111,,161,75,111,108,31,45,0,2,2014,2014
GuerinCatholicHighSchool,B249,123,45,0,1,167,0,0,168,4,164,,167,3,165,152,1,5,7,3,2014,2014
HagerstownJrSrHighSchool,8985,19,43,9,5,66,0,10,61,42,29,,54,22,49,70,0,0,0,1,2014,2014
HamiltonCommunityHighSch,7885,16,22,3,3,38,0,1,40,17,24,,37,11,30,40,0,0,0,1,2014,2014
HamiltonHeightsHighSchool,2477,50,86,15,4,147,8,23,120,83,68,,136,30,121,143,0,3,0,5,2014,2014
HamiltonSoutheasternHighSchool,2499,356,294,49,15,684,207,102,390,228,471,,674,57,642,556,63,18,46,16,2014,2014
HammondAcademyofScienceTechnology,4486,14,42,0,4,52,0,0,56,40,16,,41,25,31,19,15,18,0,4,2014,2014
HammondHighSchool,4415,19,114,25,38,120,8,35,115,46,112,,127,122,36,10,76,60,1,11,2014,2014
HanoverCentralHighSchool,3785,46,86,4,5,131,13,15,108,89,47,,132,21,115,115,5,9,1,6,2014,2014
HauserJrSrHighSchool,0410,16,31,18,6,59,0,0,65,54,11,,51,20,45,63,0,0,0,2,2014,2014
HebronHighSchool,6813,19,48,10,1,76,10,15,52,46,31,,64,22,55,70,1,5,0,1,2014,2014
HenryvilleJrSrHighSchool,0765,24,34,9,13,54,1,8,58,39,28,,54,21,46,66,0,0,0,1,2014,2014
HeritageChristianSchool,C275,47,39,4,1,89,0,0,90,0,90,0,86,0,90,83,1,1,5,0,2014,2014
HeritageHallChristianSchool,A746,***,***,***,***,***,***,***,***,***,***,,***,***,***,***,***,***,***,***,2014,2014
HeritageHillsHighSchool,7759,62,56,23,4,137,14,16,111,92,49,,127,30,111,131,0,8,0,2,2014,2014
HeritageJrSrHighSchool,0081,47,53,34,17,117,3,7,124,49,85,,119,46,88,101,13,5,8,7,2014,2014
HerronHighSchool,5724,86,51,6,1,142,58,32,53,47,96,,127,56,87,85,42,5,0,11,2014,2014
HighlandHighSchool,4281,83,158,41,6,276,41,20,221,154,128,,255,91,191,195,19,56,1,11,2014,2014
HobartHighSchool,4305,83,136,55,25,249,23,74,177,162,112,,235,97,177,194,16,47,11,6,2014,2014
HolyCrossSchool,D725,***,***,***,***,***,***,***,***,***,***,,***,***,***,***,***,***,***,***,2014,2014
HomesteadSeniorHighSchool,0047,223,194,98,17,498,112,42,361,272,243,,477,48,467,421,27,26,19,22,2014,2014
HoosierAcademyIndianapolis,2527,5,11,2,2,16,1,3,14,0,18,9,15,0,18,16,1,1,0,0,2014,2014
HoosierAcademyVirtualCharterSchool,5290,3,30,12,9,36,0,4,41,1,44,,40,4,41,36,4,3,0,2,2014,2014
HopeAcademy,5292,0,12,3,3,12,0,0,15,1,14,3,15,1,14,15,0,0,0,0,2014,2014
HorizonChristianAcademy,A309,***,***,***,***,***,***,***,***,***,***,,***,***,***,***,***,***,***,***,2014,2014
HorizonChristianSchool,C282,10,7,0,0,17,0,0,17,10,7,0,16,0,17,12,3,0,0,2,2014,2014
HoweSchool,B725,0,16,0,7,9,0,1,15,0,16,4,16,0,16,11,1,0,3,1,2014,2014
HuntingtonNorthHighSchool,3065,120,161,86,13,354,47,38,282,194,173,,326,93,274,341,0,16,3,7,2014,2014
INAcademyforScienceMathHumanities,1443,137,0,0,0,137,60,6,71,125,12,,108,35,102,109,7,9,7,5,2014,2014
IndianCreekSrHighSchool,3419,34,70,33,10,127,6,9,122,83,54,,125,25,112,135,1,0,0,1,2014,2014
IndianaAcademy,B190,***,***,***,***,***,***,***,***,***,***,,***,***,***,***,***,***,***,***,2014,2014
IndianaChristianAcademy,C175,***,***,***,***,***,***,***,***,***,***,,***,***,***,***,***,***,***,***,2014,2014
IndianaConnectionsAcademy,7944,24,193,0,24,193,0,0,217,19,198,,188,70,147,195,9,7,3,3,2014,2014
IndianaCyberCharterSchool,4421,0,13,5,5,13,0,0,18,3,15,0,17,3,15,16,1,0,1,0,2014,2014
IndianaMathScienceAcademy,5837,5,25,0,3,27,1,5,24,12,18,,23,20,10,3,23,3,0,1,2014,2014
IndianaSchoolForTheBlind,C460,***,***,***,***,***,***,***,***,***,***,,***,***,***,***,***,***,***,***,2014,2014
IndianaSchoolForTheDeaf,C695,1,10,1,6,6,0,0,12,1,11,4,12,9,3,10,0,2,0,0,2014,2014
IndianaVirtualSchool,2488,0,11,0,2,9,0,0,11,3,8,2,11,0,11,8,1,1,0,1,2014,2014
IndianapolisLighthouseCharterSchool,5523,13,26,4,4,39,0,12,31,21,22,,28,31,12,10,27,5,0,1,2014,2014
IndianapolisMetropolitanHighSchool,5664,3,60,10,14,59,1,3,69,16,57,,53,54,19,16,50,3,0,4,2014,2014
InternationalSchofINHS912,C677,28,0,0,0,28,0,0,28,0,28,,27,0,28,18,3,2,4,1,2014,2014
IrvingtonCommunitySchool,1537,17,43,0,2,58,7,9,44,37,23,,48,31,29,42,11,6,0,1,2014,2014
JacCenDelMSHS,7193,24,38,10,1,71,1,37,34,53,19,,58,19,53,72,0,0,0,0,2014,2014
JamesEDavisSchool,A480,***,***,***,***,***,***,***,***,***,***,,***,***,***,***,***,***,***,***,2014,2014
JasperHighSchool,1593,109,128,13,3,247,48,51,151,103,147,,223,38,212,230,1,15,1,3,2014,2014
JayCountyHighSchool,3239,74,122,57,25,228,12,25,216,130,123,,183,104,149,239,0,7,1,6,2014,2014
JeffersonHighSchool,8069,105,194,99,52,346,31,37,330,215,183,,307,215,183,230,47,92,3,26,2014,2014
JeffersonvilleHighSchool,0849,107,265,85,43,414,63,98,296,256,201,,394,202,255,304,74,30,5,44,2014,2014
JenningsCountyHighSchool,3345,74,145,95,45,269,13,22,279,279,35,,203,133,181,303,2,6,0,3,2014,2014
JimtownHighSchool,1701,29,67,38,14,120,1,12,121,51,83,,126,38,96,127,1,4,0,2,2014,2014
JohnGlennHighSchool,7453,47,85,6,4,134,37,18,83,70,68,,107,58,80,123,3,8,0,4,2014,2014
JohnMarshallCommunityHighSchool,5494,6,51,14,9,62,4,7,60,9,62,3,44,39,32,1,63,4,0,3,2014,2014
JohnPaulIICatholicHighSch,D722,***,***,***,***,***,***,***,***,***,***,,***,***,***,***,***,***,***,***,2014,2014
JointServiceCampusProgram,7467,***,***,***,***,***,***,***,***,***,***,,***,***,***,***,***,***,***,***,2014,2014
KankakeeValleyHighSchool,3181,94,95,41,11,219,19,58,153,175,55,,193,64,166,193,5,31,0,1,2014,2014
KeyLearningCommunityHighSchool,5631,***,***,***,***,***,***,***,***,***,***,,***,***,***,***,***,***,***,***,2014,2014
KingdomAcademyofBlufftonInc,D875,***,***,***,***,***,***,***,***,***,***,,***,***,***,***,***,***,***,***,2014,2014
KnightstownHighSchool,2869,26,69,8,6,97,13,7,83,51,52,,78,37,66,102,0,0,0,1,2014,2014
KnoxCommunityHighSchool,7833,24,75,27,4,122,6,11,109,72,54,,86,74,52,119,0,5,0,2,2014,2014
KokomoHighSchool,3013,86,233,95,64,350,40,55,319,212,202,,261,188,226,272,73,12,22,35,2014,2014
KoutsMiddleHighSchool,6833,8,50,15,3,70,6,11,56,40,33,,67,15,58,64,0,6,0,3,2014,2014
LaCrosseSchool,4692,5,11,6,0,22,0,1,21,11,11,4,20,9,13,21,0,0,0,1,2014,2014
LakeCentralHighSchool,3833,306,360,76,26,716,159,56,527,497,245,,703,122,620,567,38,92,23,22,2014,2014
LakelandChristianAcademy,B595,9,4,0,4,9,0,0,13,1,12,5,12,0,13,12,0,1,0,0,2014,2014
LakelandHighSchool,3730,39,96,11,7,139,4,14,128,77,69,,111,53,93,125,0,18,0,3,2014,2014
LakewoodParkChristianSch,A740,28,13,0,2,39,9,6,26,1,40,,38,3,38,39,0,1,0,1,2014,2014
LanesvilleJrSrHighSchool,2613,22,36,7,2,63,10,9,46,55,10,,62,19,46,63,0,0,0,2,2014,2014
LapelSrHighSchool,5011,36,41,11,4,84,1,1,86,55,33,,76,20,68,83,0,1,0,4,2014,2014
LaPorteHighSchool,4741,145,177,88,60,350,32,44,334,221,189,,379,124,286,334,10,51,2,13,2014,2014
LaVilleJrSrHighSchool,7399,26,41,6,4,69,2,4,67,44,29,,64,20,53,69,2,2,0,0,2014,2014
LawrenceCentralHighSchool,5275,142,268,95,73,432,80,67,358,191,314,,420,232,273,189,225,51,5,35,2014,2014
LawrenceNorthHighSchool,5276,188,294,67,78,471,64,88,397,226,323,,466,236,313,255,211,52,8,23,2014,2014
LawrenceburgHighSchool,1177,42,56,18,3,113,0,8,108,102,14,,90,37,79,103,1,3,1,8,2014,2014
LebanonSeniorHighSchool,0553,77,109,44,15,215,24,39,167,127,103,,209,63,167,215,1,9,2,3,2014,2014
LeoJuniorSeniorHighSchool,0049,81,102,10,6,187,21,12,160,77,116,,183,20,173,173,4,7,3,6,2014,2014
LewWallaceSciTechEngMath,4029,1,40,39,20,60,0,1,79,4,76,1,66,54,26,1,72,1,0,6,2014,2014
LewisCassJrSrHighSchool,0689,23,50,26,14,85,6,23,70,53,46,,88,28,71,88,0,5,3,3,2014,2014
LibertyChristianSchool,C225,15,17,2,1,33,0,0,34,0,34,0,26,0,34,31,0,0,2,1,2014,2014
LighthouseChristianAcademy,C927,9,2,0,0,11,7,3,1,4,7,,10,0,11,11,0,0,0,0,2014,2014
LincolnHighSchool,3553,46,66,51,18,145,4,5,154,71,92,,122,69,94,144,6,8,2,3,2014,2014
LincolnSrHighSch,8961,27,36,21,6,78,8,13,63,50,34,,62,39,45,84,0,0,0,0,2014,2014
LintonStocktonHighSchool,2437,17,34,16,0,67,10,10,47,25,42,,56,20,47,65,0,1,1,0,2014,2014
LogansportCommunityHighSchool,0701,85,150,26,24,237,11,23,227,183,78,,205,117,144,176,5,69,5,6,2014,2014
LoogooteeHighSchool,6003,20,33,16,8,61,0,0,69,34,35,,55,25,44,68,0,0,0,1,2014,2014
LowellSeniorHighSchool,3865,91,175,40,25,281,30,29,247,177,129,,297,48,258,281,1,19,0,5,2014,2014
LutheranHighSchool,C270,30,0,25,2,53,10,5,40,28,27,,54,0,55,40,6,1,4,4,2014,2014
MaconaquahHighSchool,6032,30,100,17,12,135,2,31,114,79,68,,115,54,93,136,1,2,2,6,2014,2014
MadisonConsolidatedHighSchool,3309,81,94,50,18,207,32,18,175,140,85,,185,97,128,208,4,2,2,9,2014,2014
MadisonGrantHighSchool,2321,38,57,15,7,103,1,13,96,64,46,,76,41,69,108,0,1,0,1,2014,2014
ManchesterJrSrHighSchool,8625,23,55,29,5,102,19,24,64,62,45,,82,48,59,95,1,4,1,6,2014,2014
MarianHighSchool,D165,88,74,1,5,158,23,22,118,98,65,,148,23,140,135,3,17,6,2,2014,2014
MarionHighSchool,2351,58,146,34,37,201,18,12,208,167,71,,138,128,110,118,63,16,7,34,2014,2014
MarquetteCatholicHighSchool,C125,29,20,1,1,49,5,6,39,36,14,,47,3,47,38,3,2,5,2,2014,2014
MartinsvilleHighSchool,6329,95,185,63,17,326,81,35,227,194,149,,280,102,241,334,0,0,1,8,2014,2014
MaterDeiHighSchool,D530,77,38,4,0,119,6,20,93,99,20,,114,9,110,116,0,1,1,1,2014,2014
McCutcheonHighSchool,8003,109,210,74,22,371,30,43,320,243,150,,346,110,283,335,10,37,5,6,2014,2014
McLeanEducationCenterAlt,8612,1,5,20,8,18,0,0,26,6,20,2,18,18,8,22,2,0,0,2,2014,2014
MedoraJrSrHighSchool,3093,4,4,7,5,10,0,0,15,12,3,3,10,7,8,15,0,0,0,0,2014,2014
MerrillvilleHighSchool,3809,84,286,139,36,473,33,62,414,147,362,,456,260,249,81,309,69,6,44,2014,2014
MichiganCityHighSchool,4795,82,205,41,31,297,17,13,298,144,184,,280,179,149,203,85,22,1,17,2014,2014
MidwestElitePrepAcadInc,B747,***,***,***,***,***,***,***,***,***,***,,***,***,***,***,***,***,***,***,2014,2014
MilanHighSchool,7205,32,47,19,10,88,2,9,87,64,34,,76,33,65,97,0,0,1,0,2014,2014
MishawakaHighSchool,7461,77,211,52,29,311,22,33,285,168,172,,282,181,159,282,16,23,4,15,2014,2014
MississinewaHighSchool,2333,53,112,10,11,164,20,45,110,36,139,,112,92,83,158,4,4,2,7,2014,2014
MitchellHighSchool,4925,33,37,47,10,107,13,13,91,55,62,,94,41,76,117,0,0,0,0,2014,2014
MonroeCentralJrSrHighSch,7151,15,38,18,7,64,0,0,71,39,32,,49,33,38,67,0,0,1,3,2014,2014
MonroviaHighSchool,6321,29,41,42,15,97,19,12,81,7,105,,104,22,90,106,1,3,0,2,2014,2014
MooresvilleHighSchool,6369,113,145,44,24,278,25,30,247,169,133,,272,76,226,283,1,10,2,6,2014,2014
MorganTownshipMiddleHighSchool,6825,24,30,2,1,55,1,11,44,43,13,,54,7,49,52,0,2,0,2,2014,2014
MorristownJrSrHighSchool,7661,22,23,5,3,47,5,16,29,10,40,,43,10,40,50,0,0,0,0,2014,2014
MortonSeniorHighSchool,4417,23,191,30,33,211,12,33,199,45,199,,213,153,91,66,73,91,3,11,2014,2014
MountVernonHighSchool,6949,55,72,49,16,160,16,26,134,94,82,,166,39,137,167,1,2,1,5,2014,2014
MtVernonHighSchool,2569,107,135,17,5,254,40,70,149,89,170,,232,47,212,219,18,5,8,9,2014,2014
MTISchoolofKnowledge,C628,***,***,***,***,***,***,***,***,***,***,,***,***,***,***,***,***,***,***,2014,2014
MuncieCentralHighSchool,1421,46,65,45,13,143,14,29,113,71,85,,90,89,67,106,36,2,5,7,2014,2014
MuncieSouthsideHighSchool,1424,23,90,53,22,144,9,23,134,51,115,,105,109,57,121,32,2,0,11,2014,2014
MunsterHighSchool,4332,193,133,53,10,369,140,50,189,203,176,,362,57,322,258,19,59,28,15,2014,2014
NeighborsNewVistasHighSchool,6864,0,29,10,1,38,0,0,39,0,39,3,37,21,18,24,6,5,0,4,2014,2014
NewAlbanySeniorHighSchool,1925,124,217,77,85,333,56,64,298,269,149,,371,202,216,328,43,14,1,32,2014,2014
NewCastleHighSchool,2825,57,119,51,23,204,22,25,180,124,103,,163,85,142,203,0,6,0,18,2014,2014
NewHavenHighSchool,0297,49,104,71,27,197,10,17,197,76,148,,183,108,116,140,47,22,8,7,2014,2014
NewPalestineHighSchool,2565,132,121,10,7,256,37,42,184,192,71,,237,40,223,255,1,5,1,1,2014,2014
NewPrairieHighSchool,4689,52,123,21,5,191,17,52,127,97,99,,162,51,145,176,3,13,1,3,2014,2014
NewTechInstitute,8326,24,38,4,11,55,0,10,56,53,13,,53,31,35,51,9,0,0,6,2014,2014
NewWashingtonMiddleHighSchool,0809,23,32,12,2,65,1,21,45,38,29,,56,23,44,66,0,1,0,0,2014,2014
NexusAcademyofIndianapolis,5302,***,***,***,***,***,***,***,***,***,***,,***,***,***,***,***,***,***,***,2014,2014
NoblesvilleHighSchool,2517,275,305,27,16,591,90,39,478,445,162,,566,97,510,549,17,19,10,12,2014,2014
NorthCentralHighSchool,7917,16,26,26,2,66,1,10,57,4,64,,51,31,37,63,0,2,0,3,2014,2014
NorthCentralHighSchool,5451,288,373,99,81,679,151,52,557,373,387,,646,299,461,350,278,61,31,40,2014,2014
NorthDaviessJrSrHighSchool,1121,20,38,9,0,67,2,3,62,9,58,,45,23,44,64,1,0,1,1,2014,2014
NorthDecaturJrSrHighSchool,1267,30,33,5,6,62,2,21,45,59,9,,60,17,51,68,0,0,0,0,2014,2014
NorthHarrisonHighSchool,2629,40,71,54,12,153,0,20,145,96,69,,137,49,116,159,2,1,0,3,2014,2014
NorthHighSchool,8253,104,86,85,24,251,34,38,203,184,91,,230,100,175,225,28,9,4,9,2014,2014
NorthJudsonSanPierreHighSch,7849,17,50,24,18,73,0,2,89,34,57,,61,39,52,83,0,7,0,1,2014,2014
NorthKnoxJrSrHighSchool,3537,27,44,29,9,91,3,10,87,46,54,,76,37,63,98,1,1,0,0,2014,2014
NorthMiamiMiddleHighSchool,6049,19,39,12,6,64,2,7,61,44,26,,58,23,47,69,0,0,0,1,2014,2014
NorthMontgomeryHighSchool,6271,54,49,19,9,113,0,20,102,73,49,,103,29,93,116,0,3,0,3,2014,2014
NorthNewtonJrSrHighSch,6411,26,48,21,3,92,9,15,71,49,46,,90,38,57,84,0,8,0,3,2014,2014
NorthPoseySrHighSch,6975,56,60,18,9,125,15,12,107,77,57,,121,23,111,133,0,0,0,1,2014,2014
NorthPutnamSrHighSch,7061,30,90,9,3,126,21,16,92,45,84,,100,40,89,127,0,0,0,2,2014,2014
NorthSideHighSchool,0101,79,216,11,35,271,4,44,258,154,152,,225,207,99,165,53,34,30,24,2014,2014
NorthVermillionHighSchool,8394,20,27,7,7,47,6,9,39,28,26,,34,22,32,53,0,0,0,1,2014,2014
NorthWhiteJrSrHighSchool,9135,16,32,16,8,56,0,10,54,38,26,,50,39,25,,0,16,0,1,2014,2014
NorthWoodHighSchool,1737,104,73,18,6,189,17,5,173,137,58,,163,38,157,176,2,6,2,9,2014,2014
NortheastDuboisHighSchool,1545,39,24,12,3,72,5,8,62,29,46,,56,21,54,72,0,0,0,3,2014,2014
NortheasternHighSchool,8927,19,43,9,3,68,12,3,56,37,34,,48,13,58,67,0,2,0,2,2014,2014
NorthfieldJrSrHighSchool,8651,21,31,18,11,59,4,17,49,36,34,,65,18,52,68,0,1,0,1,2014,2014
NorthridgeHighSchool,1733,125,117,46,13,275,37,19,232,166,122,,252,59,229,265,1,10,4,8,2014,2014
NorthropHighSchool,0219,124,306,25,75,380,28,22,405,226,229,,375,203,252,303,72,34,18,28,2014,2014
NorthviewHighSchool,0933,50,126,64,5,235,17,14,209,146,94,,202,88,152,234,1,2,1,2,2014,2014
NorthwestCommunityHighSchool,5483,14,112,1,10,117,3,11,113,49,78,7,91,105,22,4,74,40,6,3,2014,2014
NorthwesternSeniorHighSchool,2897,54,51,25,1,129,7,13,110,53,77,,123,15,115,121,2,3,0,4,2014,2014
NorwellHighSchool,9087,53,95,48,26,170,5,9,182,115,81,,169,35,161,178,1,2,3,12,2014,2014
OakHillHighSchool,6069,41,49,21,0,111,14,12,85,69,42,,84,31,80,103,0,1,2,5,2014,2014
OaklandHighSchool,8015,0,10,13,5,18,0,0,23,1,22,0,13,19,4,14,7,1,0,1,2014,2014
OldenburgAcademy,D135,28,5,0,0,33,21,2,10,31,2,,28,6,27,32,0,0,1,0,2014,2014
OptionsCharterSchoolCarmel,2524,0,10,11,1,20,0,0,21,5,16,2,21,3,18,17,0,2,0,2,2014,2014
OptionsCharterSchoolNoblesville,2551,0,15,27,8,34,0,0,42,6,36,4,39,13,29,34,3,3,0,2,2014,2014
OregonDavisJrSrHighSchool,7831,17,27,7,7,44,1,14,36,19,32,,39,25,26,50,0,1,0,0,2014,2014
OrleansJrSrHighSch,6573,15,26,28,0,69,2,2,65,39,30,,48,30,39,67,0,0,0,2,2014,2014
OurLadyOfProvidenceHighSch,A575,89,37,5,5,126,30,35,66,105,26,,126,12,119,123,1,2,1,4,2014,2014
OwenValleyCommunityHS,6613,51,74,40,23,142,2,5,158,84,81,,116,65,100,159,0,0,1,5,2014,2014
PaddockViewResidentialCenter,B167,***,***,***,***,***,***,***,***,***,***,,***,***,***,***,***,***,***,***,2014,2014
PaoliJrSrHighSch,6581,39,59,17,7,108,12,11,92,74,41,,86,49,66,110,0,2,0,3,2014,2014
PendletonHeightsHighSchool,5053,85,114,73,22,250,35,31,206,107,165,,226,80,192,261,2,4,0,5,2014,2014
PennHighSchool,7353,354,490,36,98,782,156,98,626,438,442,,823,174,706,717,54,31,39,39,2014,2014
PerryCentralJrSrHighSch,6708,31,33,6,7,63,5,6,59,49,21,,55,26,44,70,0,0,0,0,2014,2014
PerryMeridianHighSchool,5307,142,284,61,63,424,113,68,306,148,339,,435,182,305,352,27,35,48,25,2014,2014
PeruHighSchool,6085,48,84,19,10,141,6,29,116,105,46,,109,82,69,140,1,3,1,6,2014,2014
PikeCentralHighSch,6763,30,75,21,4,122,5,41,80,79,47,,101,52,74,121,0,1,0,4,2014,2014
PikeHighSchool,5353,123,328,157,60,548,73,51,484,254,354,,486,313,295,83,396,63,20,46,2014,2014
PinnacleSchool,C899,***,***,***,***,***,***,***,***,***,***,,***,***,***,***,***,***,***,***,2014,2014
PioneerJrSrHighSchool,0645,16,47,0,3,60,6,12,45,41,22,,56,12,51,62,0,0,0,1,2014,2014
PlainfieldHighSchool,2749,170,164,33,9,358,63,37,267,259,108,,328,72,295,322,15,18,8,4,2014,2014
PlymouthHighSchool,5945,68,120,66,12,242,65,16,173,117,137,,229,110,144,204,1,46,1,2,2014,2014
PortageChristianSchool,D080,***,***,***,***,***,***,***,***,***,***,,***,***,***,***,***,***,***,***,2014,2014
PortageHighSchool,6853,155,417,42,53,561,21,23,570,320,294,,517,286,328,389,64,115,9,37,2014,2014
PrairieHeightsSrHighSchool,3690,28,69,14,4,107,2,2,107,59,52,,96,43,68,101,2,6,0,2,2014,2014
PrincetonCommunityHighSchool,2249,53,58,28,16,123,4,26,109,49,90,,111,36,103,131,3,0,1,4,2014,2014
ProvidenceCristoReyHighSchool,C623,3,13,0,0,16,0,0,16,4,12,0,8,12,4,2,10,4,0,0,2014,2014
RNelsonSniderHighSchool,0102,142,229,39,75,335,59,48,303,126,284,,316,179,231,275,87,18,9,21,2014,2014
RandolphSouthernJrSrHighSch,7121,11,22,10,3,40,1,9,33,20,23,,32,12,31,42,0,0,0,1,2014,2014
ReitzMemorialHighSchool,D535,124,72,5,7,194,65,27,109,111,90,,196,16,185,186,3,0,8,4,2014,2014
RensselaerCentralHighSchool,3201,39,60,2,7,94,2,19,80,83,18,,82,27,74,93,0,4,0,4,2014,2014
RichmondAcademy,D860,***,***,***,***,***,***,***,***,***,***,,***,***,***,***,***,***,***,***,2014,2014
RichmondHighSchool,8993,89,175,70,27,307,46,25,263,179,155,,227,191,143,234,40,14,6,40,2014,2014
RileyHighSchool,7513,36,184,32,29,223,6,24,222,126,126,,189,140,112,120,66,45,3,18,2014,2014
RiseUpAcademyatEggleston,7534,0,25,7,2,30,0,0,32,0,32,0,32,22,10,12,13,4,0,3,2014,2014
RisingSunHighSchool,6513,14,36,0,4,46,0,7,43,35,15,,42,17,33,49,0,0,0,1,2014,2014
RiverForestHighSchool,3791,12,65,5,9,73,6,9,67,1,81,,69,49,33,47,2,31,0,2,2014,2014
RivertonParkeJrSrHighSchool,6627,28,41,5,0,74,1,2,71,52,22,,50,31,43,70,0,1,0,3,2014,2014
RivetMiddleHighSchool,B560,25,12,1,1,37,0,17,21,19,19,,36,2,36,35,0,0,2,1,2014,2014
RochesterCommunityHighSchool,2173,44,64,15,11,112,0,10,113,76,47,,94,55,68,114,0,1,0,8,2014,2014
RockCreekCommunityAcademy,0771,10,11,0,1,20,0,0,21,13,8,,17,7,14,14,0,3,0,4,2014,2014
RockvilleJrSrHighSchool,6637,18,27,8,3,50,6,12,35,28,25,,33,23,30,50,0,1,0,2,2014,2014
RoncalliHighSchool,C320,151,96,2,1,248,103,59,87,161,88,,226,26,223,234,1,7,1,6,2014,2014
RossvilleMiddleSeniorHighSchool,1021,15,33,11,1,58,8,15,36,19,40,,55,14,45,59,0,0,0,0,2014,2014
RushvilleConsolidatedHighSch,7285,57,84,60,5,196,3,23,175,135,66,,160,60,141,188,4,2,1,6,2014,2014
SaintJosephHighSchool,D225,76,109,2,0,187,65,12,110,11,176,,183,10,177,156,3,12,10,6,2014,2014
SalemHighSchool,8857,30,91,38,23,136,3,7,149,95,64,,121,60,99,157,1,0,0,1,2014,2014
ScecinaMemorialSchool,C710,41,34,3,2,76,22,22,34,1,77,,63,20,58,59,8,6,2,3,2014,2014
ScottsburgSeniorHighSchool,7641,59,68,32,15,144,7,29,123,117,42,,137,43,116,151,0,3,3,2,2014,2014
SeegerMemorialJrSrHS,8737,18,58,15,3,88,8,20,63,53,38,,81,31,60,89,1,1,0,0,2014,2014
SetonCatholicHighSchool,D842,10,8,0,1,17,4,8,6,10,8,8,17,4,14,17,0,0,0,1,2014,2014
SeymourChristianAcademy,B455,***,***,***,***,***,***,***,***,***,***,,***,***,***,***,***,***,***,***,2014,2014
SeymourSeniorHighSchool,3133,89,101,88,40,238,35,25,218,232,46,,243,90,188,243,4,24,1,6,2014,2014
ShakamakJrSrHighSchool,2445,22,25,8,4,51,1,8,46,38,17,,34,24,31,52,0,2,0,1,2014,2014
ShaweMemorialHighSchool,B505,7,10,1,1,17,3,5,10,13,5,,17,3,15,16,1,0,0,1,2014,2014
ShelbyvilleSrHighSch,7717,90,117,40,14,233,27,23,197,159,88,,215,90,157,214,4,21,2,6,2014,2014
ShenandoahHighSchool,2817,38,73,9,2,118,13,14,93,74,46,,96,33,87,116,0,1,1,2,2014,2014
SheridanHighSchool,2463,35,34,12,4,77,7,16,58,43,38,,64,20,61,78,1,1,0,1,2014,2014
ShoalsCommJrSrHighSch,5985,6,23,11,0,40,0,0,40,23,17,8,26,19,21,38,0,0,0,2,2014,2014
ShortridgeHighSchool,5485,13,42,1,2,54,2,31,23,11,45,,35,41,15,10,32,10,1,3,2014,2014
SignatureSchoolInc,8295,73,4,0,0,77,59,6,12,2,75,,73,6,71,56,1,2,16,2,2014,2014
SilverCreekHighSchool,0777,66,71,46,13,170,4,21,158,140,43,,173,35,148,165,3,11,1,3,2014,2014
SouthAdamsHighSchool,0023,23,57,22,3,99,3,8,91,68,34,,86,40,62,91,1,6,1,3,2014,2014
SouthCentralJrSrHighSchool,4737,23,28,15,4,62,3,13,50,40,26,,59,12,54,61,0,3,0,2,2014,2014
SouthCentralJrSrHighSchool,2670,6,30,15,3,48,0,6,45,31,20,9,46,18,33,51,0,0,0,0,2014,2014
SouthDearbornHighSchool,1179,50,102,53,20,185,7,20,178,132,73,,180,64,141,197,0,2,2,4,2014,2014
SouthDecaturJrSrHighSchool,1263,22,35,15,12,60,4,25,43,54,18,,57,23,49,67,1,2,0,2,2014,2014
SouthKnoxMiddleHighSchool,3490,26,19,30,5,70,1,14,60,44,31,,62,21,54,73,0,0,0,2,2014,2014
SouthNewtonSeniorHighSch,6417,11,30,6,1,46,7,5,35,28,19,,39,24,23,38,0,8,0,1,2014,2014
SouthPutnamHighSchool,7071,18,63,17,0,98,15,10,73,44,54,,78,27,71,92,0,1,0,5,2014,2014
SouthRipleyHighSchool,7182,29,36,21,6,80,0,8,78,76,10,,61,32,54,85,0,1,0,0,2014,2014
SouthSideHighSchool,0105,64,194,61,64,255,16,28,275,129,190,,246,215,104,109,109,62,23,16,2014,2014
SouthSpencerHighSchool,7795,36,51,18,3,102,19,20,66,37,68,,88,41,64,98,1,5,0,1,2014,2014
SouthVermillionHighSchool,8432,58,60,26,17,127,22,40,82,83,61,,120,55,89,141,0,2,0,1,2014,2014
SouthernWellsJrSrHighSch,9058,21,32,10,2,61,7,6,50,32,31,,59,13,50,61,0,1,0,1,2014,2014
SouthmontSrHighSchool,6257,27,74,15,6,110,14,27,75,59,57,,102,30,86,114,0,1,0,1,2014,2014
SouthportHighSchool,5309,93,290,85,96,372,65,83,320,83,385,,375,232,236,282,58,42,69,17,2014,2014
SouthridgeHighSchool,1588,29,48,18,4,91,5,2,88,54,41,,72,30,65,80,0,14,1,0,2014,2014
SouthwestINRegionalYouthVlg,B562,***,***,***,***,***,***,***,***,***,***,,***,***,***,***,***,***,***,***,2014,2014
SouthwesternHighSchool,3337,35,38,18,12,79,11,9,71,51,40,,72,27,64,89,1,0,0,1,2014,2014
SouthwesternHighSchool,7701,16,24,9,8,41,4,23,22,21,28,,38,14,35,49,0,0,0,0,2014,2014
SouthwoodJrSrHighSchool,8655,27,47,20,6,88,8,25,61,54,40,,79,23,71,88,0,1,0,5,2014,2014
SpeedwaySeniorHighSchool,5891,37,57,18,10,102,32,22,58,36,76,,86,58,54,68,18,14,6,6,2014,2014
SpringsValleyCommHighSch,6589,21,22,26,5,64,0,1,68,44,25,,59,20,49,61,1,2,0,5,2014,2014
SullivanHighSchool,7957,35,56,18,5,104,6,20,83,69,40,,78,50,59,102,0,4,0,3,2014,2014
SwitzerlandCoSeniorHighSch,7993,11,80,7,18,80,6,6,86,45,53,,69,54,44,95,1,1,0,1,2014,2014
TCHarrisSchool,D451,***,***,***,***,***,***,***,***,***,***,,***,***,***,***,***,***,***,***,2014,2014
TROYCenter,D907,***,***,***,***,***,***,***,***,***,***,,***,***,***,***,***,***,***,***,2014,2014
TabernacleChristianSchools,C940,***,***,***,***,***,***,***,***,***,***,,***,***,***,***,***,***,***,***,2014,2014
TaylorHighSchool,2894,25,53,18,4,92,5,18,73,45,51,,70,34,62,82,5,3,1,5,2014,2014
TecumsehJrSrHighSch,8772,14,18,23,6,49,4,1,50,33,22,,47,11,44,52,1,0,0,2,2014,2014
TellCityJrSrHighSchool,6741,17,56,37,6,104,4,6,100,75,35,,89,26,84,104,1,4,0,1,2014,2014
TerreHauteNorthVigoHighSch,8441,143,201,73,40,377,37,41,339,304,113,,321,145,272,364,18,10,2,23,2014,2014
TerreHauteSouthVigoHighSch,8457,112,158,69,22,317,63,34,242,211,128,,253,128,211,271,16,7,12,33,2014,2014
TheAcadofSciEntrepreneurship,6202,9,19,13,0,41,0,0,41,39,2,,27,11,30,29,1,2,1,8,2014,2014
TheExcelCenterAnderson,4904,1,65,12,6,72,0,0,78,29,49,2,76,51,27,45,23,4,1,5,2014,2014
TheExcelCenterKokomo,2976,0,13,0,0,13,0,0,13,6,7,1,12,11,2,12,0,0,0,1,2014,2014
TheExcelCenterLafayette,8094,0,22,1,0,23,0,0,23,12,11,1,21,15,8,18,1,1,0,3,2014,2014
TheExcelCenterLafayetteSq,5912,0,23,0,1,22,0,0,23,14,9,0,19,13,10,5,12,4,0,2,2014,2014
TheExcelCenterRichmond,9012,0,17,0,0,17,0,0,17,14,3,1,14,11,6,13,2,1,0,1,2014,2014
TheIndependenceAcademy,C589,***,***,***,***,***,***,***,***,***,***,,***,***,***,***,***,***,***,***,2014,2014
TheKingsAcademy,B136,3,9,0,0,12,2,1,9,0,12,6,10,0,12,12,0,0,0,0,2014,2014
TheaBowmanLeadershipAcademy,4022,28,72,0,0,100,0,3,97,39,61,,64,84,16,0,97,0,0,3,2014,2014
TheodoreRooseveltCareerTechnicalAcademy,4033,0,68,1,19,50,0,0,69,2,67,2,44,62,7,0,67,1,0,1,2014,2014
ThomasAEdisonJrSrHighSchool,3965,11,74,0,2,83,5,21,59,28,57,,73,56,29,41,8,33,1,2,2014,2014
ThomasCarrHoweCommunityHighSchool,5639,2,48,0,8,42,0,0,50,2,48,4,45,44,6,17,26,1,0,6,2014,2014
TippecanoeValleyHighSchool,3602,39,71,23,10,123,0,2,131,60,73,,98,56,77,119,0,9,0,5,2014,2014
TiptonHighSchool,8177,51,51,21,11,112,8,15,100,63,60,,107,37,86,109,1,7,2,4,2014,2014
ToddAcademyInc,B293,***,***,***,***,***,***,***,***,***,***,,***,***,***,***,***,***,***,***,2014,2014
TradersPointChristianAcademy,C375,7,6,0,0,13,2,7,4,4,9,7,13,0,13,9,4,0,0,0,2014,2014
TriCentralMiddleHighSchool,8155,16,41,10,4,63,13,14,40,18,49,,57,16,51,61,2,2,0,2,2014,2014
TriJuniorSeniorHighSchool,2773,26,35,11,2,70,1,11,60,45,27,,58,27,45,72,0,0,0,0,2014,2014
TriCountyMiddleSeniorHigh,9141,22,27,6,1,54,1,12,42,45,10,,51,15,40,55,0,0,0,0,2014,2014
TriWestSeniorHighSchool,2731,46,68,23,9,128,15,12,110,78,59,,125,26,111,135,0,2,0,0,2014,2014
TrinityChristianSchool,C561,***,***,***,***,***,***,***,***,***,***,,***,***,***,***,***,***,***,***,2014,2014
TrinityLutheranHighSchool,B452,23,17,1,0,41,2,2,37,35,6,,38,0,41,40,0,0,1,0,2014,2014
TritonCentralHighSchool,7689,43,57,18,5,113,0,0,118,80,38,,97,34,84,118,0,0,0,0,2014,2014
TritonJrSrHighSchool,5923,21,32,18,4,67,2,7,62,42,29,,59,24,47,70,0,1,0,0,2014,2014
TurkeyRunJrSrHighSchool,6649,5,15,13,3,30,4,7,22,20,13,,22,16,17,32,0,0,0,1,2014,2014
TwinLakesSeniorHighSchool,9149,54,100,21,11,164,13,34,128,122,53,,136,55,120,156,1,14,2,2,2014,2014
UnionCityCommunityJrSrHS,7161,15,24,10,8,41,1,10,38,34,15,,31,23,26,41,0,7,1,0,2014,2014
UnionCountyHighSchool,8193,21,48,27,10,86,13,10,73,29,67,,87,35,61,92,0,1,0,3,2014,2014
UnionHighSchool,7909,9,12,2,0,23,0,4,19,13,10,6,20,9,14,23,0,0,0,0,2014,2014
UnionJuniorHighSchool,7119,12,20,9,9,32,2,5,34,15,26,,29,15,26,39,0,1,1,0,2014,2014
UniversityHeightsPreparatoryAcademy,5864,1,12,0,0,13,0,0,13,0,13,1,13,12,1,8,3,2,0,0,2014,2014
UniversityHighSchoolofIndiana,B241,37,30,1,1,67,42,14,12,1,67,,65,0,68,53,5,2,6,2,2014,2014
ValparaisoHighSchool,6881,237,228,23,12,476,85,60,343,236,252,,448,90,398,403,16,43,8,18,2014,2014
VictoryChristianAcademy,D073,2,6,2,3,7,0,0,10,4,6,4,10,0,10,7,1,2,0,0,2014,2014
WabashHighSchool,8693,18,47,44,13,96,6,8,95,70,39,,88,61,48,104,0,1,1,3,2014,2014
WaldoJWoodMemorialHighSchool,2233,11,14,24,4,45,0,2,47,4,45,,41,8,41,47,1,1,0,0,2014,2014
WaldronJrSrHighSchool,7665,12,37,5,6,48,3,15,36,10,44,,48,12,42,52,0,0,0,2,2014,2014
WapahaniHighSchool,1375,29,40,11,1,79,10,6,64,55,25,,67,27,53,78,0,0,0,2,2014,2014
WarrenCentralHighSchool,5361,114,467,202,79,704,78,75,630,372,411,,628,490,293,265,391,68,9,50,2014,2014
WarsawCommunityHighSchool,3647,210,248,70,38,490,100,37,391,365,163,,460,182,346,416,16,87,5,4,2014,2014
WashingtonCatholicMidHighSch,A660,10,7,0,0,17,1,4,12,12,5,,17,1,16,17,0,0,0,0,2014,2014
WashingtonHighSchool,7517,34,144,23,33,168,0,30,171,76,125,,142,142,59,48,88,57,0,8,2014,2014
WashingtonHighSchool,1125,52,74,57,19,164,2,29,152,96,87,,147,77,106,153,1,21,0,8,2014,2014
WashingtonTwpMiddleHighSchool,6849,14,35,9,2,56,1,8,49,44,14,,56,10,48,50,0,6,1,1,2014,2014
WawaseeHighSchool,3639,45,96,27,8,160,8,14,146,87,81,,148,55,113,147,2,16,1,2,2014,2014
WayneHighSchool,0177,66,180,46,49,243,3,58,231,127,165,,229,207,85,138,96,37,5,16,2014,2014
WesDelMiddleSeniorHighSchool,1372,19,39,6,1,63,4,7,53,32,32,,52,15,49,63,0,0,0,1,2014,2014
WestCentralSeniorHighSchool,7025,25,28,4,4,53,0,11,46,46,11,,46,14,43,53,0,3,0,1,2014,2014
WestLafayetteJrSrHighSch,8129,120,56,18,4,190,95,7,92,116,78,,187,16,178,134,7,10,36,7,2014,2014
WestNobleHighSchool,6489,41,92,20,7,146,0,8,145,90,63,,113,89,64,81,1,67,0,4,2014,2014
WestSideLeadershipAcademy,4163,18,146,28,43,149,0,39,153,40,152,,148,127,65,0,182,1,0,9,2014,2014
WestVigoHighSchool,8453,37,62,16,7,108,6,17,92,86,29,,81,53,62,113,0,0,0,2,2014,2014
WestWashingtonJrSrHS,8869,22,33,23,1,77,7,19,52,44,34,,43,40,38,77,0,1,0,0,2014,2014
WesternBooneJrSrHighSchool,0539,60,93,3,4,152,32,32,92,115,41,,138,48,108,148,0,6,0,2,2014,2014
WesternHighSchool,2921,97,69,21,13,174,30,30,127,119,68,,156,29,158,166,8,6,2,5,2014,2014
WestfieldHighSchool,2493,224,186,43,6,447,182,56,215,233,220,,430,64,389,382,18,34,11,8,2014,2014
WestviewJrSrHighSchool,3697,30,43,15,1,87,14,2,72,38,50,,78,26,62,83,2,1,0,2,2014,2014
WestvilleHighSchool,4701,21,38,12,3,68,0,12,59,39,32,,66,17,54,66,2,3,0,0,2014,2014
WheelerHighSchool,6841,40,61,25,6,120,8,17,101,67,59,,116,20,106,110,0,14,1,1,2014,2014
WhiteRiverValleyJrSrHighSchool,2429,15,22,22,3,56,0,0,59,32,27,,48,16,43,,0,1,1,0,2014,2014
WhitesAcademy,B473,***,***,***,***,***,***,***,***,***,***,,***,***,***,,***,***,***,***,2014,2014
WhitesJrSrHighSchool,8673,1,10,5,2,14,2,0,14,1,15,5,7,13,3,,1,0,0,1,2014,2014
WhitelandCommunityHighSchool,3421,131,279,23,30,403,83,71,279,191,242,,369,150,283,,6,9,23,6,2014,2014
WhitingHighSchool,4353,24,56,9,1,88,4,16,69,59,30,,59,51,38,42,0,43,1,3,2014,2014
WhitkoHighSchool,9191,40,86,16,4,138,6,14,122,75,67,,128,43,99,133,3,3,1,2,2014,2014
WilliamAWirtEmersonVisualPerfArtsAcademy,4168,4,65,4,2,71,0,20,53,14,59,7,47,37,36,0,71,1,0,1,2014,2014
WilliamHenryHarrisonHighSch,8029,137,142,71,22,328,86,22,242,182,168,,324,69,281,286,11,26,12,15,2014,2014
WilliamHenryHarrisonHighSchool,8311,51,69,83,37,166,16,18,169,93,110,,156,106,97,126,47,15,3,12,2014,2014
WilliamWBordenHighSchool,0813,22,29,3,6,48,4,11,39,43,11,,46,13,41,50,1,2,0,1,2014,2014
WinamacCommunityHighSchool,6997,24,45,9,5,73,5,16,57,44,34,,52,29,49,69,0,3,1,5,2014,2014
WinchesterCommunityHighSch,7125,31,36,22,7,82,5,11,73,61,28,,58,42,47,83,1,2,2,1,2014,2014
WoodlanJrSrHighSchool,0285,42,60,21,14,109,2,19,102,51,72,,104,35,88,97,6,4,10,6,2014,2014
YorktownHighSchool,1389,100,75,19,3,191,51,70,73,90,104,,168,39,155,187,0,2,3,2,2014,2014
ZionsvilleCommunityHighSchool,0512,280,144,14,6,432,194,26,218,106,332,,427,21,417,393,3,14,11,17,2014,2014
